{"name":"6de8d446-722b-420e-bcd8-3d3f9e05a7d9","id":"/providers/Microsoft.Flow/flows/6de8d446-722b-420e-bcd8-3d3f9e05a7d9","type":"Microsoft.Flow/flows","properties":{"apiId":"/providers/Microsoft.PowerApps/apis/shared_logicflows","displayName":"SaveAttachmentByCategory","definition":{"metadata":{"workflowEntityId":null,"processAdvisorMetadata":null,"flowChargedByPaygo":null,"flowclientsuspensionreason":"None","flowclientsuspensiontime":null,"flowclientsuspensionreasondetails":null,"creator":{"id":"eedc145f-9108-4fec-ab3a-befeea3aeba3","type":"User","tenantId":"eeaacdb6-0343-4181-be25-50ce17a7523b"},"provisioningMethod":"FromDefinition","failureAlertSubscription":true,"clientLastModifiedTime":"2024-09-17T04:43:19.0997746Z","connectionKeySavedTimeKey":"2024-09-17T04:43:19.0997746Z"},"$schema":"https://schema.management.azure.com/providers/Microsoft.Logic/schemas/2016-06-01/workflowdefinition.json#","contentVersion":"1.0.0.0","parameters":{"$authentication":{"defaultValue":{},"type":"SecureObject"},"$connections":{"defaultValue":{},"type":"Object"}},"triggers":{"When_an_email_is_flagged_(V4)":{"splitOn":"@triggerOutputs()?['body/value']","type":"OpenApiConnectionNotification","inputs":{"parameters":{"includeAttachments":true,"fetchOnlyWithAttachment":true},"host":{"apiId":"/providers/Microsoft.PowerApps/apis/shared_office365","connectionName":"shared_office365","operationId":"OnFlaggedEmailV4"},"authentication":"@parameters('$authentication')"}}},"actions":{"Send_an_HTTP_request":{"runAfter":{},"type":"OpenApiConnection","inputs":{"parameters":{"Uri":"https://graph.microsoft.com/v1.0/me/messages/@{triggerOutputs()?['body/id']}","Method":"GET","ContentType":"application/json"},"host":{"apiId":"/providers/Microsoft.PowerApps/apis/shared_office365","connectionName":"shared_office365","operationId":"HttpRequest"},"authentication":"@parameters('$authentication')"}},"Parse_JSON":{"runAfter":{"Send_an_HTTP_request":["Succeeded"]},"type":"ParseJson","inputs":{"content":"@body('Send_an_HTTP_request')","schema":{"type":"object","properties":{"@@odata.context":{"type":"string"},"@@odata.etag":{"type":"string"},"id":{"type":"string"},"createdDateTime":{"type":"string"},"lastModifiedDateTime":{"type":"string"},"changeKey":{"type":"string"},"categories":{"type":"array","items":{"type":"string"}},"receivedDateTime":{"type":"string"},"sentDateTime":{"type":"string"},"hasAttachments":{"type":"boolean"},"internetMessageId":{"type":"string"},"subject":{"type":"string"},"bodyPreview":{"type":"string"},"importance":{"type":"string"},"parentFolderId":{"type":"string"},"conversationId":{"type":"string"},"conversationIndex":{"type":"string"},"isReadReceiptRequested":{"type":"boolean"},"isRead":{"type":"boolean"},"isDraft":{"type":"boolean"},"webLink":{"type":"string"},"inferenceClassification":{"type":"string"},"body":{"type":"object","properties":{"contentType":{"type":"string"},"content":{"type":"string"}}},"sender":{"type":"object","properties":{"emailAddress":{"type":"object","properties":{"name":{"type":"string"},"address":{"type":"string"}}}}},"from":{"type":"object","properties":{"emailAddress":{"type":"object","properties":{"name":{"type":"string"},"address":{"type":"string"}}}}},"toRecipients":{"type":"array","items":{"type":"object","properties":{"emailAddress":{"type":"object","properties":{"name":{"type":"string"},"address":{"type":"string"}}}},"required":["emailAddress"]}},"ccRecipients":{"type":"array"},"bccRecipients":{"type":"array"},"replyTo":{"type":"array"},"flag":{"type":"object","properties":{"flagStatus":{"type":"string"},"dueDateTime":{"type":"object","properties":{"dateTime":{"type":"string"},"timeZone":{"type":"string"}}},"startDateTime":{"type":"object","properties":{"dateTime":{"type":"string"},"timeZone":{"type":"string"}}}}}}}}},"var_Categories":{"runAfter":{"Parse_JSON":["Succeeded"]},"type":"InitializeVariable","inputs":{"variables":[{"name":"CategoriesArray","type":"array","value":"@body('Parse_JSON')?['categories']"}]}},"Apply_to_each":{"foreach":"@variables('CategoriesArray')","actions":{"Switch":{"cases":{"Case":{"case":"Vendor","actions":{"Set_Path":{"type":"SetVariable","inputs":{"name":"Path","value":"/EmailDocuments/Vendor Reports"}}}},"Case 2":{"case":"Supplier","actions":{"Setv_Path":{"type":"SetVariable","inputs":{"name":"Path","value":"/EmailDocuments/Supplier Reports"}}}}},"default":{"actions":{"Set_Path_empty":{"type":"SetVariable","inputs":{"name":"Path","value":"@null"}}}},"expression":"@items('Apply_to_each')","type":"Switch"},"Condition":{"actions":{"For_each":{"foreach":"@triggerOutputs()?['body/attachments']","actions":{"Get_Attachment_(V2)":{"type":"OpenApiConnection","inputs":{"parameters":{"messageId":"@triggerOutputs()?['body/id']","attachmentId":"@item()?['id']"},"host":{"apiId":"/providers/Microsoft.PowerApps/apis/shared_office365","connectionName":"shared_office365","operationId":"GetAttachment_V2"},"authentication":"@parameters('$authentication')"}},"Create_file":{"runAfter":{"Get_Attachment_(V2)":["Succeeded"]},"type":"OpenApiConnection","inputs":{"parameters":{"dataset":"@variables('SiteUrl')","folderPath":"@variables('Path')","name":"@outputs('Get_Attachment_(V2)')?['body/name']","body":"@outputs('Get_Attachment_(V2)')?['body/contentBytes']"},"host":{"apiId":"/providers/Microsoft.PowerApps/apis/shared_sharepointonline","connectionName":"shared_sharepointonline","operationId":"CreateFile"},"authentication":"@parameters('$authentication')"},"runtimeConfiguration":{"contentTransfer":{"transferMode":"Chunked"}}},"Update_file_properties":{"runAfter":{"Create_file":["Succeeded"]},"type":"OpenApiConnection","inputs":{"parameters":{"dataset":"https://msisgreat2021.sharepoint.com/sites/PP","table":"6f214049-c708-49df-98b9-4d96b8866aa5","id":"@outputs('Create_file')?['body/ItemId']","item/Subject":"@triggerOutputs()?['body/subject']","item/From":"@triggerOutputs()?['body/from']","item/To":"@triggerOutputs()?['body/toRecipients']"},"host":{"apiId":"/providers/Microsoft.PowerApps/apis/shared_sharepointonline","connectionName":"shared_sharepointonline","operationId":"PatchFileItem"},"authentication":"@parameters('$authentication')"}}},"type":"Foreach"}},"runAfter":{"Switch":["Succeeded"]},"else":{"actions":{}},"expression":{"and":[{"not":{"equals":["@variables('Path')",""]}}]},"type":"If"}},"runAfter":{"var_Path":["Succeeded"]},"type":"Foreach"},"var_Path":{"runAfter":{"var_SiteUrl":["Succeeded"]},"type":"InitializeVariable","inputs":{"variables":[{"name":"Path","type":"string","value":"@null"}]}},"var_SiteUrl":{"runAfter":{"var_Categories":["Succeeded"]},"type":"InitializeVariable","inputs":{"variables":[{"name":"SiteUrl","type":"string","value":"https://msisgreat2021.sharepoint.com/sites/PP"}]}}},"outputs":{},"description":""},"connectionReferences":{"shared_office365":{"connectionName":"shared-office365-d0fedcfb-c2ff-4db1-bfb7-7cec5e8dd6ba","source":"Embedded","id":"/providers/Microsoft.PowerApps/apis/shared_office365","tier":"NotSpecified"},"shared_sharepointonline":{"connectionName":"f5d635a2a0f9483a9d661897b2799574","source":"Embedded","id":"/providers/Microsoft.PowerApps/apis/shared_sharepointonline","tier":"NotSpecified"}},"flowFailureAlertSubscribed":false,"isManaged":false}}